,Angulo,Aprox,Derivative,Norma,Tiempo
0,21.442742781027064,1.3891892780656045,0.075,21.442742781027064,0.1423170566558838
1,20.867422691797127,2.7244638273983712,0.15,19.478233413731523,0.8635118007659912
2,20.287912816274762,4.004226890165617,0.22499999999999998,17.56344898887639,1.194521188735962
3,19.355056264603515,5.213380924402105,0.3,15.350829374437899,1.3790905475616455
4,19.359853697404752,6.386734835890091,0.375,14.146472773002646,1.5798053741455078
5,19.359853697404752,7.523531316859938,0.45,12.97311886151466,1.7802507877349854
6,19.116420280003997,8.612481269957478,0.525,11.592888963144059,1.9396607875823975
7,19.47590101193358,9.680022338271634,0.6,10.863419741976102,2.1290175914764404
8,19.359853697404752,10.703395158918337,0.6749999999999999,9.679831359133118,2.3044137954711914
9,19.359853697404752,11.68730096299135,0.7499999999999999,8.656458538486415,2.476679563522339
10,19.116420280003997,12.617493288093609,0.8249999999999998,7.429119317012647,2.6515915393829346
11,19.359853697404752,13.520224954654513,0.8999999999999998,6.742360409311143,2.8283236026763916
12,19.116420280003997,14.364913322377594,0.9749999999999998,5.596195325349484,3.008361577987671
13,19.116420280003997,15.165101871620852,1.0499999999999998,4.751506957626402,3.1876726150512695
14,19.359853697404752,15.937034670485424,1.1249999999999998,4.1947518257839,3.362870931625366
15,19.116420280003997,16.640709623031732,1.1999999999999997,3.1793856095185724,3.565823554992676
16,19.359853697404752,17.31540444480933,1.2749999999999997,2.7191440743730197,3.776259422302246
17,19.359853697404752,17.93560716100727,1.3499999999999996,2.0444492525954203,3.984163761138916
18,19.47590101193358,18.510432887466465,1.4249999999999996,1.5402938509263109,4.1310412883758545
19,19.359853697404752,19.000674972153252,1.4999999999999996,0.8494208099382874,4.226084470748901
20,19.116420280003997,19.327739058425394,1.5749999999999995,0.11574530785074444,4.414488315582275
21,19.47590101193358,19.679464492244612,1.6499999999999995,0.14816195350818617,4.6054229736328125
22,19.359853697404752,19.757362099762705,1.5749999999999995,0.31961079483986055,4.8025617599487305
23,19.47590101193358,19.83445338053997,1.4999999999999996,0.2814610878291255,4.987616777420044
24,19.359853697404752,19.8527797937366,1.4249999999999996,0.4745996831352173,5.174993515014648
25,19.359853697404752,19.855903706392546,1.3499999999999996,0.4929260963318498,5.3709166049957275
26,19.359853697404752,19.847111253122435,1.2749999999999997,0.49605000898779394,5.621469259262085
27,19.359853697404752,19.828949744330316,1.1999999999999997,0.48725755571768303,5.817034482955933
28,19.359853697404752,19.80347798417019,1.1249999999999998,0.4690960469255643,5.999804258346558
29,19.359853697404752,19.772412604859962,1.0499999999999998,0.44362428676543786,6.184176921844482
30,19.359853697404752,19.73722035885362,0.9749999999999999,0.4125589074552103,6.393339157104492
31,19.359853697404752,19.699179828629198,0.8999999999999999,0.37736666144886755,6.586437702178955
32,19.359853697404752,19.659424709075576,0.825,0.3393261312244462,6.7838239669799805
33,19.359853697404752,19.618975467145614,0.75,0.29957101167082456,6.97144341468811
34,19.116420280003997,19.51880208648234,0.675,0.502555187141617,7.152878046035767
35,19.359853697404752,19.50044709069628,0.6000000000000001,0.15894838907758668,7.332704544067383
36,19.359853697404752,19.47795973409014,0.5250000000000001,0.1405933932915282,7.495283365249634
37,19.349767823698407,19.449298040428527,0.4500000000000001,0.12819191039173106,7.668436765670776
38,19.46105298085043,19.54932410133315,0.5250000000000001,0.01175494042190195,7.847754716873169
39,19.349767823698407,19.494058934329086,0.4500000000000001,0.19955627763474126,8.022674322128296
40,19.704380231655428,19.699141334218645,0.5250000000000001,0.21032129732634175,8.193652629852295
41,19.936892695296844,19.92417059623838,0.6000000000000001,0.2377513610781996,8.367826461791992
42,19.936892695296844,20.048008281077355,0.675,0.012722099058464664,8.548909664154053
43,20.168633572326307,20.253451736785504,0.75,0.1206252912489525,8.734181642532349
44,19.92700856144823,20.1945461190819,0.675,0.32644317533727474,8.905813455581665
45,20.403298461407633,20.43286438969664,0.75,0.20875234232573447,9.078441143035889
46,20.514790081837297,20.631232383108966,0.825,0.0819256921406577,9.262312173843384
47,20.514790081837297,20.652611454059503,0.75,0.11644230127166821,9.445320129394531
48,20.745710558222136,20.85664789147454,0.825,0.09309910416263278,9.655790567398071
49,20.745710558222136,20.880476122111123,0.75,0.11093733325240507,9.836496114730835
50,20.86257454028512,20.952837084201125,0.675,0.017901581826002655,10.01397705078125
51,20.86257454028512,20.96395590783889,0.6000000000000001,0.09026254391600474,10.2524254322052
52,21.093429954074566,21.1619034143465,0.675,0.12947404623567493,10.499613761901855
53,21.21682876660797,21.333461889678656,0.75,0.05492535226147055,10.766005277633667
54,20.853015408344433,21.238019149194454,0.675,0.48044648133422285,10.938809156417847
55,20.853015408344433,21.15312314016793,0.6000000000000001,0.38500374085002065,11.06391167640686
56,21.093429954074566,21.16982657306958,0.5250000000000001,0.059693186093365824,11.264202117919922
57,20.975724346894026,21.116405470494925,0.4500000000000001,0.19410222617555561,11.476433515548706
58,20.853015408344433,21.02994084600753,0.3750000000000001,0.2633900621504921,11.705847263336182
59,20.853015408344433,20.960003329233174,0.3000000000000001,0.17692543766309754,11.93550157546997
60,20.853015408344433,20.90687630502482,0.2250000000000001,0.10698792088874143,12.122734308242798
61,20.853015408344433,20.871002453499393,0.15000000000000008,0.05386089668038707,12.334800958633423
62,20.853015408344433,20.853267716468483,0.07500000000000008,0.017987045154960413,12.537586688995361
63,21.211972651020375,21.044193658401927,0.15000000000000008,0.35870493455189134,12.729685068130493
64,20.853015408344433,20.935521853103783,0.07500000000000008,0.19117825005749367,12.930152654647827
65,21.442742781027064,21.16043018669528,0.15000000000000008,0.5072209279232816,13.133809328079224
66,21.323480778292033,21.304068757116546,0.2250000000000001,0.16305059159675395,13.320759534835815
67,21.56783205082072,21.49189242921329,0.3000000000000001,0.26376329370417295,13.573448657989502
68,20.975724346894026,21.321357913627658,0.2250000000000001,0.5161680823192647,13.779590129852295
69,21.083952104612436,21.208934992703945,0.15000000000000008,0.2374058090152218,13.965698719024658
70,21.083952104612436,21.125376235742362,0.07500000000000008,0.12498288809150893,14.183149814605713
71,21.323480778292033,21.270153045145832,0.15000000000000008,0.1981045425496717,14.35822582244873
72,21.442742781027064,21.417284807667716,0.2250000000000001,0.17258973588123183,14.437867403030396
73,21.442742781027064,21.498901472501828,0.3000000000000001,0.025457973359348074,14.597421407699585
74,21.083952104612436,21.350651781402345,0.2250000000000001,0.41494936788939185,14.775868892669678
75,21.202536571527766,21.26894456469974,0.15000000000000008,0.14811520987457882,14.963169813156128
76,21.442742781027064,21.416511904439016,0.2250000000000001,0.17379821632732373,15.16007113456726
77,21.323480778292033,21.358758891629446,0.15000000000000008,0.0930311261469825,15.330776929855347
78,21.442742781027064,21.46819881367787,0.2250000000000001,0.08398388939761858,15.52314019203186
79,21.083952104612436,21.315985903892372,0.15000000000000008,0.3842467090654331,15.711634159088135
80,21.202536571527766,21.237439182457113,0.07500000000000008,0.11344933236460619,15.911951303482056
81,21.442742781027064,21.38462050287774,0.15000000000000008,0.20530359856995162,16.128485918045044
82,21.442742781027064,21.47944619010876,0.2250000000000001,0.05812227814932314,16.341389179229736
83,21.442742781027064,21.455721788699503,0.15000000000000008,0.03670340908169578,16.528367519378662
84,21.202536571527766,21.327269247993968,0.07500000000000008,0.2531852171717368,16.711833715438843
85,21.442742781027064,21.440463438475714,0.15000000000000008,0.11547353303309649,16.894646406173706
86,21.202536571527766,21.31663019541278,0.07500000000000008,0.23792686694794796,17.075239181518555
87,21.202536571527766,21.22654695234985,8.326672684688674e-17,0.1140936238850152,17.262784957885742
88,21.326945220885534,21.321604009784906,0.07500000000000008,0.10039826853568456,17.460949182510376
89,21.202536571527766,21.229335560013173,8.326672684688674e-17,0.11906743825714017,17.692591905593872
90,21.442742781027064,21.36792361826947,0.07500000000000008,0.21340722101389176,17.786195516586304
91,21.442742781027064,21.461232893480645,0.15000000000000008,0.07481916275759559,17.947321891784668
92,21.447603301912032,21.44870914095218,0.07500000000000008,0.013629591568612653,18.13536024093628
93,21.202536571527766,21.311111798859024,8.326672684688674e-17,0.246172569424413,18.321886777877808
94,21.442742781027064,21.419954751755036,0.07500000000000008,0.1316309821680406,18.50095820426941
95,21.442742781027064,21.476491865092967,0.15000000000000008,0.02278802927202861,18.68689250946045
96,21.442742781027064,21.443879093742478,0.07500000000000008,0.033749084065902935,18.868796586990356
97,21.083952104612436,21.27514734738551,8.326672684688674e-17,0.3599269891300416,19.052417755126953
98,21.442742781027064,21.397962611207806,0.07500000000000008,0.16759543364155505,19.220755338668823
99,21.202536571527766,21.27659155868897,8.326672684688674e-17,0.19542603968004002,19.386934995651245
100,21.202536571527766,21.194952420743324,-0.07499999999999991,0.07405498716120462,19.600852727890015
101,21.202536571527766,21.20982852972648,8.326672684688674e-17,0.007584150784442301,19.845991611480713
102,21.093429954074566,21.10747682329873,-0.07499999999999991,0.11639857565191392,20.013301849365234
103,20.853015408344433,20.9448943173858,-0.1499999999999999,0.25446141495429586,20.183998584747314
104,20.505108662914534,20.723445306575456,-0.22499999999999992,0.4397856544712653,20.38539481163025
105,20.045569832458085,20.44269572627103,-0.29999999999999993,0.6778754741173714,20.555251359939575
106,19.471100017737037,20.10198706260346,-0.37499999999999994,0.971595708533993,20.73353910446167
107,19.359853697404752,19.787295574316683,-0.44999999999999996,0.7421333651987077,20.914915323257446
108,19.22692730650939,19.49522232545864,-0.5249999999999999,0.560368267807295,21.07279658317566
109,19.359853697404752,19.306094897852947,-0.5999999999999999,0.1353686280538895,21.1515793800354
110,19.116420280003997,19.085439949204204,-0.6749999999999998,0.1896746178489508,21.32475757598877
111,19.116420280003997,19.03699364009775,-0.5999999999999999,0.030980330799792455,21.50615692138672
112,19.359853697404752,19.117455967776422,-0.5249999999999999,0.3228600573070004,21.70560073852539
113,19.359853697404752,19.18640767956931,-0.4499999999999999,0.24239772962832973,21.872148990631104
114,19.116420280003997,19.039542284333866,-0.5249999999999999,0.06998739956531352,22.04260277748108
115,19.116420280003997,19.043972928779024,-0.4499999999999999,0.07687799567013087,22.213725566864014
116,19.116420280003997,19.05722106566309,-0.3749999999999999,0.07244735122497303,22.38164496421814
117,19.359853697404752,19.166007233992186,-0.2999999999999999,0.30263263174166255,22.549912452697754
118,19.116420280003997,19.054202848964426,-0.3749999999999999,0.049586953988189464,22.716957807540894
119,19.359853697404752,19.16380994516362,-0.2999999999999999,0.305650848440326,22.887694835662842
120,19.116420280003997,19.053502442804657,-0.3749999999999999,0.04738966515962417,23.06139349937439
121,19.116420280003997,19.07250272750804,-0.2999999999999999,0.06291783719933974,23.229191780090332
122,19.116420280003997,19.090372272795374,-0.22499999999999987,0.04391755249595519,23.39864444732666
123,19.359853697404752,19.212357073706553,-0.14999999999999986,0.26948142460937774,23.648080348968506
124,19.116420280003997,19.096936078053094,-0.22499999999999987,0.09593679370255614,23.82939052581787
125,19.359853697404752,19.2170125573785,-0.14999999999999986,0.2629176193516578,24.002479314804077
126,19.116420280003997,19.099363700508302,-0.22499999999999987,0.10059227737450271,24.17104172706604
127,19.116420280003997,19.104793952608212,-0.14999999999999986,0.01705657949569428,24.338927030563354
128,19.359853697404752,19.233804272493323,-0.07499999999999986,0.25505974479654014,24.448039531707764
129,19.359853697404752,19.329064592378433,1.3877787807814457e-16,0.1260494249114288,24.554370164871216
130,19.59236542047703,19.4830031337801,0.07500000000000014,0.2633008280985969,24.72956132888794
131,19.46105298085043,19.44980638177649,1.3877787807814457e-16,0.02195015292967284,24.906749963760376
132,19.694414722990835,19.598180067817147,0.07500000000000014,0.24460834121434516,25.075438499450684
133,19.936892695296844,19.78402713673061,0.15000000000000013,0.33871262747969766,25.238444566726685
134,19.92700856144823,19.919965790744953,0.22500000000000014,0.1429814247176182,25.414656162261963
135,20.273318533696973,20.132046233647117,0.30000000000000016,0.3533527429520191,25.59736967086792
136,20.273318533696973,20.28980485639716,0.37500000000000017,0.14127230004985591,25.767478227615356
137,20.514790081837297,20.48835267890198,0.4500000000000002,0.2249852254401361,25.93592357635498
138,20.62127723393133,20.66522913867574,0.5250000000000001,0.1329245550293514,26.10095739364624
139,20.86257454028512,20.877249863686316,0.6000000000000001,0.19734540160937897,26.312041997909546
140,20.62127723393133,20.8154686504946,0.5250000000000001,0.2559726297549858,26.512707710266113
141,20.86257454028512,20.959330324418303,0.6000000000000001,0.04710588979051877,26.706114053726196
142,21.093429954074566,21.159189173261097,0.675,0.1340996296562622,26.89578890800476
143,20.853015408344433,21.094440261088458,0.6000000000000001,0.3061737649166645,27.07863211631775
144,21.093429954074566,21.174904662981874,0.5250000000000001,0.0010103070138924863,27.25025177001953
145,21.093429954074566,21.168023338096305,0.4500000000000001,0.08147470890730801,27.425193786621094
146,20.853015408344433,21.06714663638948,0.3750000000000001,0.31500792975187153,27.605687618255615
147,20.853015408344433,20.98457368971259,0.3000000000000001,0.2141312280450478,27.768574476242065
148,20.97087061528434,20.994455650209474,0.2250000000000001,0.013703074428249806,27.8526508808136
149,20.97087061528434,20.982133390190434,0.15000000000000008,0.02358503492513364,28.035894632339478
150,21.21682876660797,21.14996949677644,0.2250000000000001,0.23469537641753746,28.24968981742859
151,21.083952104612436,21.10663794713737,0.15000000000000008,0.06601739216400304,28.448389053344727
152,20.853015408344433,20.978055094068715,0.07500000000000008,0.2536225387929356,28.65130853652954
153,20.853015408344433,20.883222241000063,8.326672684688674e-17,0.12503968572428192,28.86340880393982
154,21.083952104612436,21.01763090041274,0.07500000000000008,0.20072986361237355,29.070728540420532
155,21.083952104612436,21.10613961110592,0.15000000000000008,0.06632120419969567,29.271596908569336
156,21.442742781027064,21.302692147119917,0.2250000000000001,0.33660316992114403,29.47861671447754
157,21.442742781027064,21.448712165609464,0.3000000000000001,0.14005063390714767,29.74915647506714
158,21.323480778292033,21.387548024495015,0.2250000000000001,0.1252313873174309,29.927048921585083
159,21.083952104612436,21.255999407472874,0.15000000000000008,0.3035959198825786,30.100430965423584
160,21.202536571527766,21.209133311755586,0.07500000000000008,0.05346283594510837,30.30672550201416
161,21.442742781027064,21.365382802218253,0.15000000000000008,0.23360946927147808,30.524290323257446
162,21.202536571527766,21.26682017065036,0.07500000000000008,0.1628462306904872,30.703006744384766
163,21.202536571527766,21.202007539082462,8.326672684688674e-17,0.06428359912259296,30.886114835739136
164,21.202536571527766,21.208907750679025,0.07500000000000008,0.0005290324453035566,31.064915657043457
165,21.202536571527766,21.196211850745772,8.326672684688674e-17,0.006371179151258843,31.162425756454468
166,21.202536571527766,21.22007028469227,0.07500000000000008,0.00632472078199342,31.30611777305603
167,21.202536571527766,21.19159580628405,8.326672684688674e-17,0.017533713164503695,31.52609896659851
168,21.202536571527766,21.222975240184848,0.07500000000000008,0.01094076524371701,31.724382400512695
169,21.202536571527766,21.191336078626975,8.326672684688674e-17,0.020438668657082104,31.920971155166626
170,21.202536571527766,21.22308579297327,0.07500000000000008,0.011200492900790948,32.10010528564453
171,21.323480778292033,21.32939129612111,0.15000000000000008,0.1003949853187649,32.28666138648987
172,20.853015408344433,21.144831329203548,0.07500000000000008,0.47637588777667617,32.49162173271179
173,21.323480778292033,21.282882158924664,0.15000000000000008,0.17864944908848557,32.705578327178955
174,21.202536571527766,21.220346267292243,0.07500000000000008,0.08034558739689857,32.8949339389801
175,21.202536571527766,21.191560375659822,8.326672684688674e-17,0.017809695764476885,33.08173894882202
176,21.442742781027064,21.341914678834197,0.07500000000000008,0.251182405367242,33.26660180091858
177,21.202536571527766,21.24116454643437,8.326672684688674e-17,0.13937810730643108,33.45246386528015
178,21.202536571527766,21.18220254391076,-0.07499999999999991,0.03862797490660341,33.6738646030426
179,21.442742781027064,21.324081970672786,8.326672684688674e-17,0.2605402371163059,33.85679769515991
180,21.202536571527766,21.219491885468443,-0.07499999999999991,0.12154539914502038,34.04061460494995
181,21.202536571527766,21.16917811382948,-0.1499999999999999,0.016955313940677286,34.22191286087036
182,21.442742781027064,21.303588343093804,-0.07499999999999991,0.2735646671975829,34.41411995887756
183,21.202536571527766,21.196972419195678,-0.1499999999999999,0.10105177156603773,34.51620268821716
184,21.442742781027064,21.323198114907026,-0.07499999999999991,0.24577036183138645,34.66303300857544
185,21.083952104612436,21.165209773201415,-0.1499999999999999,0.2392460102945897,34.842408657073975
186,21.442742781027064,21.30075397810722,-0.07499999999999991,0.2775330078256495,35.026339054107666
187,21.442742781027064,21.402548183013028,8.326672684688674e-17,0.14198880291984395,35.20868754386902
188,21.442742781027064,21.462693954445967,0.07500000000000008,0.04019459801403613,35.40004348754883
189,21.442742781027064,21.431569367631447,8.326672684688674e-17,0.019951173418903068,35.66292095184326
190,21.202536571527766,21.287997254568598,-0.07499999999999991,0.22903279610368088,35.85205626487732
191,21.442742781027064,21.39476037833567,8.326672684688674e-17,0.1547455264584663,36.03484559059143
192,21.442742781027064,21.460475036078257,0.07500000000000008,0.047982402691395976,36.224863052368164
193,21.202536571527766,21.319362108141227,8.326672684688674e-17,0.25793846455049163,36.406538009643555
194,21.442742781027064,21.42473886345152,0.07500000000000008,0.12338067288583687,36.61724877357483
195,21.202536571527766,21.294573849138548,8.326672684688674e-17,0.22220229192375385,36.80856800079346
196,21.202536571527766,21.203560910580503,-0.07499999999999991,0.09203727761078184,36.99900507926941
197,21.202536571527766,21.182709321402335,-0.1499999999999999,0.0010243390527371332,37.19391059875488
198,21.202536571527766,21.202452101984214,-0.07499999999999991,0.01982725012543085,37.387712717056274
199,21.202536571527766,21.193959321402335,8.326672684688674e-17,8.44695435517906e-05,37.602165937423706
200,21.202536571527766,21.221743354790032,0.07500000000000008,0.008577250125430425,37.803199768066406
201,21.323480778292033,21.32868226802025,0.15000000000000008,0.10173742350200143,37.88560962677002
202,21.202536571527766,21.24463128170701,0.07500000000000008,0.12614569649248253,38.055747985839844
203,21.083952104612436,21.135626860006553,8.326672684688674e-17,0.16067917709457546,38.238813638687134
204,20.853015408344433,20.97614322244586,-0.07499999999999991,0.2826114516621203,38.411842584609985
205,20.62612195893685,20.787405437751218,-0.1499999999999999,0.3500212635090101,38.597123861312866
206,19.6992280291897,20.451958210937278,-0.22499999999999992,1.088177408561517,38.789708375930786
207,19.471100017737037,20.12109335538808,-0.29999999999999993,0.9808581932002411,38.97511696815491
208,19.221588934557136,19.791566734709477,-0.37499999999999994,0.8995044208309437,39.20185971260071
209,19.116420280003997,19.488814846433762,-0.44999999999999996,0.6751464547054802,39.39182734489441
210,19.354566659092015,19.311395162751733,-0.5249999999999999,0.13424818734174693,39.60877537727356
211,19.116420280003997,19.100177281937945,-0.5999999999999999,0.19497488274773644,39.81556415557861
212,19.116420280003997,19.048411688248816,-0.5249999999999999,0.01624299806605123,40.01321029663086
213,19.116420280003997,19.04789705913671,-0.4499999999999999,0.0680085917551807,40.178298234939575
214,19.116420280003997,19.05892788033486,-0.3749999999999999,0.0685232208672879,40.356159687042236
215,19.116420280003997,19.074610598691823,-0.2999999999999999,0.05749239966913677,40.53245544433594
216,19.116420280003997,19.09095284610823,-0.22499999999999987,0.04180968131217355,40.69977879524231
217,19.116420280003997,19.105078404074888,-0.14999999999999986,0.025467433895766334,40.873905658721924
218,19.116420280003997,19.114527877210133,-0.07499999999999986,0.011341875929108625,41.04674029350281
219,19.116420280003997,19.11632840407489,1.3877787807814457e-16,0.0018924027938638233,41.17700695991516
220,19.116420280003997,19.119203962041567,0.07500000000000014,9.18759291081983e-05,41.264404296875
221,19.116420280003997,19.11462577884256,1.3877787807814457e-16,0.0027836820375704008,41.44036841392517
222,19.349767823698407,19.26010012035001,0.07500000000000014,0.23514204485584855,41.63631629943848
223,19.116420280003997,19.157634749220417,1.3877787807814457e-16,0.14367984034601378,41.82147741317749
224,19.116420280003997,19.096730708061575,-0.07499999999999986,0.04121446921642047,41.99703502655029
225,19.116420280003997,19.127576568604127,1.3877787807814457e-16,0.019689571942421935,42.164769887924194
226,19.116420280003997,19.095889568525045,-0.07499999999999986,0.011156288600130182,42.33597278594971
227,19.349767823698407,19.235798567481783,1.3877787807814457e-16,0.2538782551733618,42.5167281627655
228,19.349767823698407,19.33707656637343,0.07500000000000014,0.1139692562166239,42.691845178604126
229,19.349767823698407,19.382123210574413,0.15000000000000013,0.012691257324977556,42.87072420120239
230,19.116420280003997,19.24998407014956,0.07500000000000014,0.2657029305704164,43.04802870750427
231,19.116420280003997,19.151594929724705,1.3877787807814457e-16,0.13356379014556197,43.266433238983154
232,19.349767823698407,19.285144772321516,0.07500000000000014,0.19817289397370175,43.48276376724243
233,19.349767823698407,19.372657965435366,0.15000000000000013,0.06462305137689128,43.72860670089722
234,19.694414722990835,19.565328786024537,0.22500000000000014,0.3217567575554696,43.896265506744385
235,19.694414722990835,19.706864380270552,0.30000000000000016,0.12908593696629822,44.063629150390625
236,19.92700856144823,19.892622954808626,0.37500000000000017,0.22014418117767676,44.234408140182495
237,20.040743506253634,20.06433225339497,0.4500000000000002,0.14812055144500746,44.40988492965698
238,20.040743506253634,20.085756367698433,0.37500000000000017,0.02358874714133563,44.53814435005188
239,20.273318533696973,20.271931711415004,0.4500000000000002,0.18756216599853914,44.639554262161255
240,20.273318533696973,20.350603730273615,0.5250000000000001,0.001386822281968847,44.808943033218384
241,20.273318533696973,20.345953084641234,0.4500000000000001,0.07728519657664279,44.98397374153137
242,20.505108662914534,20.533136007585977,0.5250000000000001,0.15915557827329962,45.15985107421875
243,20.505108662914534,20.56166189962546,0.4500000000000001,0.02802734467144319,45.34852051734924
244,20.505108662914534,20.557819126312506,0.3750000000000001,0.0565532367109256,45.51246428489685
245,20.62127723393133,20.689641804481894,0.4500000000000001,0.06345810761882476,45.69715762138367
246,20.62127723393133,20.678701946313033,0.3750000000000001,0.068364570550564,45.86657977104187
247,20.853015408344433,20.860204537435237,0.4500000000000001,0.17431346203139952,46.05451846122742
248,20.853015408344433,20.902267917805805,0.3750000000000001,0.007189129090804158,46.22461223602295
249,20.853015408344433,20.89193919859671,0.3000000000000001,0.04925250946137183,46.39863204956055
250,20.853015408344433,20.87775185938717,0.2250000000000001,0.03892379025227655,46.57575488090515
251,20.853015408344433,20.864318381411863,0.15000000000000008,0.02473645104273814,46.74163198471069
252,20.853015408344433,20.854923749009707,0.07500000000000008,0.011302973067429889,46.914358139038086
253,20.853015408344433,20.853068381411862,8.326672684688674e-17,0.001908340665274011,47.08637762069702
254,20.853015408344433,20.850884903436555,-0.07499999999999991,5.297306742946262e-05,47.25442695617676
255,20.853015408344433,20.853482121269355,8.326672684688674e-17,0.002130504907878361,47.44389319419861
256,20.853015408344433,20.847001059377735,-0.07499999999999991,0.0004667129249220636,47.655640840530396
257,20.853015408344433,20.859016729516437,8.326672684688674e-17,0.0060143489666977246,47.83896827697754
258,20.853015408344433,20.83577627114143,-0.07499999999999991,0.006001321172004026,47.925833225250244
259,20.853015408344433,20.86391563960895,8.326672684688674e-17,0.01723913720300274,48.099544048309326
260,21.083952104612436,21.004639773467765,0.07500000000000008,0.22003646500348495,48.30546021461487
261,21.083952104612436,21.10037710863121,0.15000000000000008,0.07931233114467062,48.495463371276855
262,21.083952104612436,21.084429087073662,0.07500000000000008,0.01642500401877456,48.69075107574463
263,21.083952104612436,21.08912710863121,8.326672684688674e-17,0.000476982461226072,48.88507580757141
264,21.083952104612436,21.06754585839658,-0.07499999999999991,0.005175004018774132,49.09546256065369
265,21.083952104612436,21.094721919337392,8.326672684688674e-17,0.016406246215854736,49.27375507354736
266,21.083952104612436,21.063588603978342,-0.07499999999999991,0.01076981472495575,49.45561361312866
267,21.083952104612436,21.095148825387117,8.326672684688674e-17,0.020363500634093867,49.67368841171265
268,21.083952104612436,21.063404457859612,-0.07499999999999991,0.011196720774680813,49.86192297935486
269,21.207395412237265,21.165992877973338,8.326672684688674e-17,0.14399095437765297,50.058671712875366
270,21.083952104612436,21.08006459623513,-0.07499999999999991,0.08204077336090165,50.271873235702515
271,21.083952104612436,21.087519562259093,8.326672684688674e-17,0.003887508377307114,50.466131925582886
272,21.083952104612436,21.06960110283315,-0.07499999999999991,0.003567457646656891,50.65533781051636
273,21.083952104612436,21.094289802867177,8.326672684688674e-17,0.01435100177928561,50.870253801345825
274,21.083952104612436,21.06378746126974,-0.07499999999999991,0.010337698254740957,51.066595792770386
275,21.083952104612436,21.095138140851674,8.326672684688674e-17,0.020164643342695854,51.22171449661255
276,21.202536571527766,21.19345324020497,0.07500000000000008,0.107398430676092,51.3390998840332
277,21.083952104612436,21.105430372797365,8.326672684688674e-17,0.10950113559253438,51.5328311920166
278,21.083952104612436,21.06146397498445,-0.07499999999999991,0.021478268184928595,51.73330354690552
279,21.202536571527766,21.162892871362157,8.326672684688674e-17,0.14107259654331727,51.91554880142212
280,21.083952104612436,21.078603672721556,-0.07499999999999991,0.07894076674972084,52.09748291969299
281,21.083952104612436,21.089293564931392,8.326672684688674e-17,0.005348431890880079,52.28270220756531
282,21.202536571527766,21.190248359734184,0.07500000000000008,0.11324300659637387,52.46191143989563
283,21.202536571527766,21.23475402182987,0.15000000000000008,0.012288211793581638,52.656771659851074
284,21.083952104612436,21.140754354235625,0.07500000000000008,0.1508019172174322,52.84159755706787
285,21.202536571527766,21.226572440950335,0.15000000000000008,0.06178221729214073,53.02475333213806
286,21.083952104612436,21.13577711769994,0.07500000000000008,0.14262033633789883,53.227683544158936
287,21.083952104612436,21.07873179444955,8.326672684688674e-17,0.05182501308750531,53.41595005989075
288,21.083952104612436,21.100407308622454,0.07500000000000008,0.005220310162886932,53.63192796707153
289,21.083952104612436,21.07317395688561,8.326672684688674e-17,0.01645520401001832,53.814250230789185
290,21.083952104612436,21.10431931441148,0.07500000000000008,0.010778147726824727,54.03648328781128
291,21.083952104612436,21.072755194288394,8.326672684688674e-17,0.02036720979904416,54.22909641265869
292,21.202536571527766,21.18083074171492,0.07500000000000008,0.12978137723937166,54.43250775337219
293,21.083952104612436,21.098704741911845,8.326672684688674e-17,0.09687863710248479,54.57953429222107
294,21.083952104612436,21.062266611376007,-0.07499999999999991,0.014752637299409344,54.68224620819092
295,21.083952104612436,21.095194596745177,8.326672684688674e-17,0.02168549323642921,54.86959385871887
296,21.202536571527766,21.193483852162203,0.07500000000000008,0.10734197478258878,55.05675983428955
297,21.083952104612436,21.10544710944456,8.326672684688674e-17,0.10953174754976658,55.264025926589966
298,21.202536571527766,21.19892465534457,0.07500000000000008,0.09708946208320413,55.45804834365845
299,21.083952104612436,21.108451847843536,8.326672684688674e-17,0.11497255073213353,55.696839332580566
300,21.202536571527766,21.200471547536488,0.07500000000000008,0.09408472368422949,55.927122831344604
301,21.083952104612436,21.109316714334316,8.326672684688674e-17,0.11651944292405148,56.10735249519348
302,21.083952104612436,21.061537902346476,-0.07499999999999991,0.025364609721879816,56.28015351295471
303,20.853015408344433,20.91329511253554,-0.1499999999999999,0.20852249400204315,56.462982177734375
304,20.62127723393133,20.728679076702008,-0.22499999999999992,0.29201787860420936,56.66652035713196
305,19.80738729019161,20.406977239086867,-0.29999999999999993,0.9212917865103982,56.86138606071472
306,19.354566659092015,20.054216045627495,-0.37499999999999994,1.0524105799948522,57.03228569030762
307,19.354566659092015,19.747030905026993,-0.44999999999999996,0.69964938653548,57.19683218002319
308,19.22692730650939,19.46317627977811,-0.5249999999999999,0.5201035985176041,57.391831159591675
309,19.46585665379446,19.399957978380375,-0.4499999999999999,0.002680374016350129,57.60533952713013
310,19.116420280003997,19.172713204275322,-0.5249999999999999,0.283537698376378,57.803908348083496
311,19.349767823698407,19.220196780427145,-0.4499999999999999,0.1770546194230853,57.94596982002258
312,19.349767823698407,19.260684714449486,-0.3749999999999999,0.12957104327126245,58.03921341896057
313,19.116420280003997,19.09048823973397,-0.4499999999999999,0.1442644344454891,58.20294141769409
314,19.116420280003997,19.071298524604817,-0.3749999999999999,0.025932040270028267,58.37940216064453
315,19.349767823698407,19.173359095693495,-0.2999999999999999,0.2784692990935902,58.60551190376282
316,19.116420280003997,19.056773528628234,-0.3749999999999999,0.05693881568949877,58.82593488693237
317,19.116420280003997,19.073791581856216,-0.2999999999999999,0.059646751375762364,59.0638325214386
318,19.116420280003997,19.09073173711353,-0.22499999999999987,0.04262869814778014,59.23701214790344
319,19.116420280003997,19.10506467442129,-0.14999999999999986,0.025688542890467403,59.42132258415222
320,19.46585665379446,19.262762560489872,-0.07499999999999986,0.36079197937317176,59.6029736995697
321,19.231720619449476,19.198656390616947,-0.14999999999999986,0.031041941040395926,59.77824664115906
322,19.116420280003997,19.090125873036467,-0.22499999999999987,0.08223611061294989,59.94485831260681
323,19.116420280003997,19.10502252376473,-0.14999999999999986,0.026294406967529937,60.12109613418579
324,19.116420280003997,19.114550606154,-0.07499999999999986,0.011397756239265533,60.297253370285034
325,19.116420280003997,19.11627252376473,1.3877787807814457e-16,0.001869673849995479,60.48890209197998
326,19.116420280003997,19.119919174492985,0.07500000000000014,0.00014775623926510661,60.717649936676025
327,19.116420280003997,19.113423738347066,1.3877787807814457e-16,0.0034988944889882134,60.918808937072754
328,19.116420280003997,19.129845941278578,0.07500000000000014,0.002996541656930418,61.113306283950806
329,19.349767823698407,19.28178342976915,0.15000000000000013,0.21992188241982902,61.31510615348816
330,19.116420280003997,19.182288825466895,0.07500000000000014,0.16536314976515243,61.42756462097168
331,19.116420280003997,19.116544221164638,1.3877787807814457e-16,0.065868545462898,61.63313889503479
332,19.349767823698407,19.26142390996897,0.07500000000000014,0.23322360253376928,61.823665142059326
333,19.349767823698407,19.361842022182078,0.15000000000000013,0.08834391372943884,62.01046705245972
334,19.349767823698407,19.351377224844153,0.07500000000000014,0.012074198483670529,62.17917442321777
335,19.349767823698407,19.35059202218208,1.3877787807814457e-16,0.0016094011457461477,62.345720291137695
336,19.349767823698407,19.341979365011927,-0.07499999999999986,0.0008241984836736549,62.5246684551239
337,19.349767823698407,19.357205038408146,1.3877787807814457e-16,0.007788458686480482,62.73033666610718
338,19.46585665379446,19.456092071859295,0.07500000000000014,0.1086516153863144,62.97366714477539
339,19.349767823698407,19.369519874304345,1.3877787807814457e-16,0.10632424816088815,63.16197371482849
340,19.349767823698407,19.327357277674935,-0.07499999999999986,0.019752050605937654,63.34563636779785
341,19.46105298085043,19.425800546774706,1.3877787807814457e-16,0.13369570317549417,63.526379346847534
342,19.694414722990835,19.58128455193103,0.07500000000000014,0.26861417621612915,63.72576975822449
343,19.694414722990835,19.69343903842882,0.15000000000000013,0.1131301710598045,63.9229850769043
344,19.92700856144823,19.8609261312052,0.22500000000000014,0.23356952301940836,64.10301733016968
345,19.92700856144823,19.97179564055188,0.30000000000000016,0.06608243024302851,64.2951078414917
346,19.92700856144823,19.95330676657125,0.22500000000000014,0.04478707910364932,64.48819756507874
347,20.273318533696973,20.156765514257735,0.30000000000000016,0.3200117671257239,64.66879630088806
348,20.273318533696973,20.30418510100525,0.37500000000000017,0.11655301943923746,64.76137685775757
349,20.273318533696973,20.307728450023188,0.30000000000000016,0.030866567308276416,64.92962408065796
350,20.273318533696973,20.29707871984092,0.22500000000000014,0.03440991632621504,65.1300413608551
351,20.505108662914534,20.467659618678226,0.30000000000000016,0.20802994307361544,65.35324597358704
352,20.505108662914534,20.57071488528917,0.37500000000000017,0.03744904423630757,65.56090497970581
353,20.505108662914534,20.55012375038268,0.30000000000000016,0.06560622237463676,65.75196266174316
354,20.853015408344433,20.7602305316382,0.37500000000000017,0.30289165796175155,65.93472480773926
355,20.853015408344433,20.90786236190856,0.4500000000000002,0.09278487670623292,66.1250319480896
356,20.853015408344433,20.905104082533306,0.37500000000000017,0.05484695356412672,66.30563020706177
357,20.975724346894026,21.041077503135188,0.4500000000000002,0.07062026436071989,66.50586724281311
358,20.853015408344433,20.97847912293325,0.37500000000000017,0.1880620947907552,66.69036269187927
359,20.853015408344433,20.92846655043948,0.30000000000000016,0.12546371458881822,66.88834738731384
360,20.853015408344433,20.89106143658995,0.22500000000000014,0.07545114209504789,67.07472443580627
361,20.853015408344433,20.866295263252177,0.15000000000000013,0.038046028245517505,67.25940132141113
362,21.083952104612436,21.0287563854341,0.22500000000000014,0.21765684136025953,67.45913124084473
363,21.083952104612436,21.132987693069886,0.30000000000000016,0.05519571917833588,67.67190217971802
364,21.083952104612436,21.111555750744145,0.22500000000000014,0.04903558845744982,67.85597634315491
365,21.083952104612436,21.095462715605283,0.15000000000000013,0.02760364613170907,68.04448914527893
366,21.083952104612436,21.085776460940345,0.07500000000000014,0.011510610992846892,68.12826251983643
367,21.083952104612436,21.084212715605286,1.3877787807814457e-16,0.0018243563279085606,68.30649995803833
368,21.083952104612436,21.0793696804664,-0.07499999999999986,0.0002606109928500189,68.49134850502014
369,21.083952104612436,21.08842776194012,1.3877787807814457e-16,0.004582424146036601,68.69458484649658
370,21.083952104612436,21.068357655824517,-0.07499999999999986,0.0044756573276849565,68.87235760688782
371,21.083952104612436,21.094570976431648,1.3877787807814457e-16,0.015594448787918935,69.05764293670654
372,21.083952104612436,21.063656603338714,-0.07499999999999986,0.010618871819211506,69.28884553909302
373,21.083952104612436,21.09514528739233,1.3877787807814457e-16,0.02029550127372204,69.47471117973328
374,21.083952104612436,21.063405935631614,-0.07499999999999986,0.011193182779894784,69.69352698326111
375,21.083952104612436,21.095157740341115,1.3877787807814457e-16,0.020546168980821733,69.87977695465088
376,21.202536571527766,21.19346386836373,0.07500000000000014,0.10737883118665081,70.05691766738892
377,21.202536571527766,21.23328908988104,0.15000000000000013,0.009072703164036966,70.23720526695251
378,21.083952104612436,21.139856658378143,0.07500000000000014,0.1493369852686044,70.41880011558533
379,21.083952104612436,21.080174226875243,1.3877787807814457e-16,0.05590455376570702,70.59778809547424
380,21.202536571527766,21.18511521514354,0.07500000000000014,0.12236234465252238,70.7834005355835
381,21.083952104612436,21.10094676856323,1.3877787807814457e-16,0.10116311053110394,70.96168279647827
382,21.083952104612436,21.06183769345819,-0.07499999999999986,0.01699466395079341,71.14626145362854
383,21.083952104612436,21.0952004383175,1.3877787807814457e-16,0.02211441115424506,71.33300757408142
384,21.202536571527766,21.1934870192374,0.07500000000000014,0.10733613321026425,71.44556927680969
385,21.202536571527766,21.23327575968145,0.15000000000000013,0.009049552290367302,71.55551218986511
386,21.083952104612436,21.13984850250605,0.07500000000000014,0.1493236550690149,71.64839315414429
387,21.202536571527766,21.226211259158664,0.15000000000000013,0.0626880690217142,71.75126886367798
388,21.083952104612436,21.13555948538043,0.07500000000000014,0.1422591545462275,71.84796667098999
389,21.083952104612436,21.078657711602197,1.3877787807814457e-16,0.05160738076799376,71.94630146026611
390,21.083952104612436,21.100486485523824,0.07500000000000014,0.005294393010238707,72.04562067985535
391,21.083952104612436,21.07316066042539,1.3877787807814457e-16,0.016534380911387814,72.15523505210876
392,21.083952104612436,21.104325223262595,0.07500000000000014,0.010791444187045585,72.25750732421875
393,21.083952104612436,21.072754893061692,1.3877787807814457e-16,0.020373118650159228,72.36368155479431
394,21.083952104612436,21.104499956293115,0.07500000000000014,0.011197211550744157,72.47851014137268
395,21.083952104612436,21.072746390728604,1.3877787807814457e-16,0.02054785168067852,72.58889698982239
396,21.083952104612436,21.104503504097814,0.07500000000000014,0.011205713883832402,72.69080901145935
397,21.202536571527766,21.209684202321004,0.15000000000000013,0.09803306742995233,72.79416966438293
398,21.083952104612436,21.12580803584669,0.07500000000000014,0.12573209770856764,72.89637470245361
399,21.202536571527766,21.22015778441007,0.15000000000000013,0.0767285356810774,72.99309134483337
400,21.202536571527766,21.202834309431015,0.07500000000000014,0.017621212882303894,73.1004478931427
401,21.202536571527766,21.208907784410073,1.3877787807814457e-16,0.0002977379032493843,73.20634436607361
402,21.083952104612436,21.102860572368513,-0.07499999999999986,0.12495567979763678,73.31017184257507
403,21.083952104612436,21.050358153069194,-0.14999999999999986,0.01890846775607713,73.40891337394714
404,21.202536571527766,21.144888310128266,-0.07499999999999986,0.15217841845857194,73.53175806999207
405,20.853015408344433,20.971562521805193,-0.14999999999999986,0.29187290178383307,73.6297709941864
406,20.853015408344433,20.845770507537544,-0.22499999999999987,0.1185471134607603,73.7214674949646
407,20.62127723393133,20.66987834410755,-0.2999999999999999,0.22449327360621396,73.81418657302856
408,20.278152746469356,20.43711438647074,-0.3749999999999999,0.39172559763819237,73.90387105941772
409,20.045569832458085,20.193143823236078,-0.4499999999999999,0.3915445540126541,73.99420762062073
410,19.6992280291897,19.914806394243563,-0.5249999999999999,0.49391579404637653,74.08783864974976
411,19.111038247444586,19.56709704190216,-0.5999999999999999,0.8037681467989763,74.1859335899353
412,19.11582784037038,19.2755673216675,-0.6749999999999998,0.45126920153177963,74.28878021240234
413,19.00138988335796,19.017231455187225,-0.7499999999999998,0.27417743830953967,74.3875572681427
414,19.354566659092015,19.078973150402323,-0.6749999999999998,0.33733520390478944,74.48545289039612
415,19.349767823698407,19.1338369569559,-0.5999999999999999,0.2707946732960842,74.58179044723511
416,19.349767823698407,19.183242042970814,-0.5249999999999999,0.21593086674250728,74.67833304405212
417,19.354566659092015,19.228666176553087,-0.4499999999999999,0.17132461612120053,74.77195858955383
418,19.239387920178693,19.19222993238371,-0.3749999999999999,0.01072174362560574,74.86885190010071
419,19.349767823698407,19.255053062091143,-0.2999999999999999,0.1575378913146963,74.9652361869812
420,19.349767823698407,19.30238035244808,-0.22499999999999987,0.09471476160726411,75.06069016456604
421,19.116420280003997,19.13926108824685,-0.2999999999999999,0.1859600724440824,75.15858578681946
422,19.116420280003997,19.04892156087992,-0.3749999999999999,0.022840808242854393,75.25275802612305
423,19.349767823698407,19.157219923538634,-0.2999999999999999,0.3008462628184887,75.36373448371887
424,19.349767823698407,19.243860764520374,-0.22499999999999987,0.19254790015977363,75.46066355705261
425,19.349767823698407,19.30774085888693,-0.14999999999999986,0.10590705917803334,75.56591129302979
426,19.349767823698407,19.346742296537062,-0.07499999999999986,0.04202696481147683,75.65540981292725
427,19.349767823698407,19.35199373418719,1.3877787807814457e-16,0.0030255271613448542,75.74665331840515
428,19.349767823698407,19.337839867436706,-0.07499999999999986,0.00222591048878229,75.8379955291748
429,19.349767823698407,19.359354422424577,1.3877787807814457e-16,0.011927956261700956,75.92666792869568
430,19.349767823698407,19.32998106910298,-0.07499999999999986,0.009586598726169626,76.01810383796692
431,19.349767823698407,19.360930688930516,1.3877787807814457e-16,0.019786754595426004,76.1115140914917
432,19.349767823698407,19.329234350484416,-0.07499999999999986,0.011162865232108743,76.20316576957703
433,19.349767823698407,19.360972867430913,1.3877787807814457e-16,0.020533473213991016,76.29289102554321
434,19.349767823698407,19.329216703683926,-0.07499999999999986,0.01120504373250597,76.39151644706726
435,19.349767823698407,19.360973689178184,1.3877787807814457e-16,0.020551120014481228,76.48602986335754
436,19.349767823698407,19.32921636099743,-0.07499999999999986,0.011205865479777088,76.581960439682
437,19.349767823698407,19.360973705057347,1.3877787807814457e-16,0.02055146270097552,76.67552375793457
438,19.349767823698407,19.329216354375898,-0.07499999999999986,0.011205881358939962,76.76679682731628
439,19.349767823698407,19.360973705364138,1.3877787807814457e-16,0.020551469322509064,76.85953879356384
440,19.349767823698407,19.32921635424797,-0.07499999999999986,0.011205881665730999,76.94974207878113
441,19.349767823698407,19.360973705370068,1.3877787807814457e-16,0.02055146945043873,77.04274272918701
442,19.349767823698407,19.329216354245496,-0.07499999999999986,0.011205881671660478,77.13315200805664
443,19.349767823698407,19.36097370537018,1.3877787807814457e-16,0.02055146945291142,77.22391891479492
444,19.694414722990835,19.53420676106643,0.07500000000000014,0.3334410176206539,77.31651473045349
445,19.694414722990835,19.665534721463818,0.15000000000000013,0.16020796192440656,77.409508228302
446,19.694414722990835,19.739017072698648,0.22500000000000014,0.02888000152701764,77.5139319896698
447,19.694414722990835,19.709409267546455,0.15000000000000013,0.044602349707812294,77.60602498054504
448,19.694414722990835,19.695173603539857,0.07500000000000014,0.014994544555619882,77.69659757614136
449,19.694414722990835,19.698159267546448,1.3877787807814457e-16,0.0007588805490215123,77.78935861587524
450,19.92700856144823,19.841673853742975,0.07500000000000014,0.22884929390178144,77.88248467445374
451,19.92700856144823,19.94056016866706,0.15000000000000013,0.08533470770525398,77.97386598587036
452,19.92700856144823,19.9281367574692,0.07500000000000014,0.013551607218829531,78.06500124931335
453,19.92700856144823,19.929310168667058,1.3877787807814457e-16,0.0011281960209714725,78.15316987037659
454,19.92700856144823,19.91491764805062,-0.07499999999999986,0.002301607218829105,78.24615502357483
455,20.158830652069312,20.05183029638576,1.3877787807814457e-16,0.24391300401869387,78.34030294418335
456,20.040743506253634,20.02024214810367,-0.07499999999999986,0.011086790132125657,78.43413043022156
457,20.273318533696973,20.15991224187318,1.3877787807814457e-16,0.25307638559330314,78.52573919296265
458,20.273318533696973,20.260939793878272,0.07500000000000014,0.11340629182379303,78.62006282806396
459,20.273318533696973,20.305567729459778,0.15000000000000013,0.012378739818700524,78.71194529533386
460,20.273318533696973,20.274193546230215,0.07500000000000014,0.03224919576280527,78.80690813064575
461,20.273318533696973,20.276569363000654,1.3877787807814457e-16,0.0008750125332426251,78.89896202087402
462,20.505108662914534,20.419986715480224,0.07500000000000014,0.22853929991388,78.98842000961304
463,20.62612195893685,20.567443073302083,0.15000000000000013,0.20613524345662526,79.07930660247803
464,20.505108662914534,20.51504249296468,0.07500000000000014,0.06233441038754961,79.17043542861938
465,20.505108662914534,20.49639191262728,1.3877787807814457e-16,0.009933830050147918,79.26551914215088
466,20.505108662914534,20.524400974122674,0.07500000000000014,0.008716750287252495,79.3580367565155
467,20.62127723393133,20.629025828247215,0.15000000000000013,0.09687625980865633,79.4482741355896
468,20.853015408344433,20.79350844059376,0.22500000000000014,0.2239895800972178,79.54624271392822
469,20.853015408344433,20.90044059072315,0.30000000000000016,0.059506967750671436,79.63745832443237
470,20.853015408344433,20.880108619881266,0.22500000000000014,0.04742518237871707,79.72708940505981
471,20.853015408344433,20.864478572915765,0.15000000000000013,0.027093211536833195,79.81800937652588
472,20.853015408344433,20.854858722177944,0.07500000000000014,0.011463164571331674,79.91549134254456
473,20.853015408344433,20.853228572915764,1.3877787807814457e-16,0.0018433138335112176,80.0069100856781
474,20.853015408344433,20.848848525950284,-0.07499999999999986,0.000213164571331248,80.10175251960754
475,20.853015408344433,20.8569639439802,1.3877787807814457e-16,0.00416688239414853,80.19726467132568
476,20.853015408344433,20.838112731626108,-0.07499999999999986,0.003948535635768025,80.29210877418518
477,20.853015408344433,20.863485687605237,1.3877787807814457e-16,0.014902676718325125,80.38174176216125
478,20.853015408344433,20.832788372845272,-0.07499999999999986,0.01047027926080446,80.47409248352051
479,21.083952104612436,20.971887087036798,1.3877787807814457e-16,0.2511637317671642,80.56649804115295
480,21.083952104612436,21.072315427567784,0.07500000000000014,0.11206501757563814,80.65618014335632
481,20.853015408344433,20.943076987722716,1.3877787807814457e-16,0.21930001922335052,80.75317001342773
482,21.083952104612436,21.055676990032108,0.07500000000000014,0.14087511688972043,80.8460807800293
483,20.853015408344433,20.93187314020956,1.3877787807814457e-16,0.2026615816876749,80.93915581703186
484,20.853015408344433,20.847628283583997,-0.07499999999999986,0.07885773186512779,81.02780055999756
485,21.083952104612436,20.98221772918278,1.3877787807814457e-16,0.23632382102843863,81.11912703514099
486,21.083952104612436,21.07790520897334,0.07500000000000014,0.10173437542965758,81.21289610862732
487,21.083952104612436,21.112483745308023,0.15000000000000013,0.006046895639094885,81.30336809158325
488,21.083952104612436,21.08430981056241,0.07500000000000014,0.028531640695586447,81.39579105377197
489,21.083952104612436,21.089885875816787,1.3877787807814457e-16,0.0003577059499733082,81.48850393295288
490,21.083952104612436,21.06677658313199,-0.07499999999999986,0.005933771204350791,81.59259390830994
491,21.083952104612436,21.094843207265303,1.3877787807814457e-16,0.01717552148044632,81.68322777748108
492,21.083952104612436,21.063535073517695,-0.07499999999999986,0.010891102652866635,81.77625179290771
493,21.083952104612436,21.095151526584477,1.3877787807814457e-16,0.020417031094741134,81.8690357208252
494,21.083952104612436,21.063403330139895,-0.07499999999999986,0.011199421972040824,81.9614577293396
495,21.083952104612436,21.09515786132591,1.3877787807814457e-16,0.020548774472540998,82.05199885368347
496,21.083952104612436,21.063400687266927,-0.07499999999999986,0.011205756713472681,82.14521598815918
497,21.083952104612436,21.095157983869896,1.3877787807814457e-16,0.020551417345508582,82.23750114440918
498,21.083952104612436,21.063400636166232,-0.07499999999999986,0.011205879257460083,82.33289790153503
499,21.083952104612436,21.095157986237567,1.3877787807814457e-16,0.020551468446203813,82.42790651321411
